{"variants":{"":[{"model":"eternal_starlight:block/lunar_leaves1"},{"model":"eternal_starlight:block/lunar_leaves1","y":90},{"model":"eternal_starlight:block/lunar_leaves1","y":180},{"model":"eternal_starlight:block/lunar_leaves1","y":270},{"model":"eternal_starlight:block/lunar_leaves2"},{"model":"eternal_starlight:block/lunar_leaves2","y":90},{"model":"eternal_starlight:block/lunar_leaves2","y":180},{"model":"eternal_starlight:block/lunar_leaves2","y":270},{"model":"eternal_starlight:block/lunar_leaves3"},{"model":"eternal_starlight:block/lunar_leaves3","y":90},{"model":"eternal_starlight:block/lunar_leaves3","y":180},{"model":"eternal_starlight:block/lunar_leaves3","y":270},{"model":"eternal_starlight:block/lunar_leaves4"},{"model":"eternal_starlight:block/lunar_leaves4","y":90},{"model":"eternal_starlight:block/lunar_leaves4","y":180},{"model":"eternal_starlight:block/lunar_leaves4","y":270}]}}