{
	"credit": "xR4YM0ND, Notch",
	"textures": {
		"particle": "rays_3d_rails:block/oak/base_1",
		"base_1": "rays_3d_rails:block/oak/base_1",
		"base_2": "rays_3d_rails:block/oak/base_2",
		"base_3": "rays_3d_rails:block/oak/base_3",
		"base_4": "rays_3d_rails:block/oak/base_4",
		"rail_1": "rays_3d_rails:block/iron/rail_1",
		"rail_2": "rays_3d_rails:block/iron/rail_2",
		"redstone": "rays_3d_rails:block/redstone/standard_off",
		"gold_1": "rays_3d_rails:block/gold/rail_1",
		"gold_2": "rays_3d_rails:block/gold/rail_2"
	},
	"elements": [
		{
			"name": "rail",
			"from": [3, 1, 0],
			"to": [4, 2, 16],
			"rotation": {"angle": 0, "axis": "y", "origin": [3, 1, 0]},
			"faces": {
				"north": {"uv": [0, 4, 1, 5], "texture": "#rail_1"},
				"east": {"uv": [0, 0, 16, 1], "texture": "#rail_1"},
				"south": {"uv": [1, 4, 2, 5], "texture": "#rail_1"},
				"west": {"uv": [0, 1, 16, 2], "texture": "#rail_1"},
				"up": {"uv": [0, 2, 16, 3], "rotation": 90, "texture": "#rail_1"},
				"down": {"uv": [0, 3, 16, 4], "rotation": 90, "texture": "#rail_1"}
			}
		},
		{
			"name": "rail",
			"from": [12, 1, 0],
			"to": [13, 2, 16],
			"rotation": {"angle": 0, "axis": "y", "origin": [12, 1, 0]},
			"faces": {
				"north": {"uv": [0, 4, 1, 5], "texture": "#rail_2"},
				"east": {"uv": [0, 0, 16, 1], "texture": "#rail_2"},
				"south": {"uv": [1, 4, 2, 5], "texture": "#rail_2"},
				"west": {"uv": [0, 1, 16, 2], "texture": "#rail_2"},
				"up": {"uv": [0, 2, 16, 3], "rotation": 90, "texture": "#rail_2"},
				"down": {"uv": [0, 3, 16, 4], "rotation": 90, "texture": "#rail_2"}
			}
		},
		{
			"name": "gold",
			"from": [4.3, 1, 0],
			"to": [5, 1.7, 16],
			"rotation": {"angle": 0, "axis": "y", "origin": [4, 1, 0]},
			"faces": {
				"north": {"uv": [1, 4, 2, 5], "texture": "#gold_2"},
				"east": {"uv": [0, 2, 16, 3], "texture": "#gold_2"},
				"south": {"uv": [0, 4, 1, 5], "texture": "#gold_2"},
				"west": {"uv": [0, 1, 16, 2], "texture": "#gold_2"},
				"up": {"uv": [0, 0, 16, 1], "rotation": 90, "texture": "#gold_2"},
				"down": {"uv": [0, 4, 16, 3], "rotation": 90, "texture": "#gold_2"}
			}
		},
		{
			"name": "gold",
			"from": [11, 1, 0],
			"to": [11.7, 1.7, 16],
			"rotation": {"angle": 0, "axis": "y", "origin": [11, 1, 0]},
			"faces": {
				"north": {"uv": [1, 4, 2, 5], "texture": "#gold_1"},
				"east": {"uv": [0, 2, 16, 3], "texture": "#gold_1"},
				"south": {"uv": [0, 4, 1, 5], "texture": "#gold_1"},
				"west": {"uv": [0, 1, 16, 2], "texture": "#gold_1"},
				"up": {"uv": [0, 0, 16, 1], "rotation": 90, "texture": "#gold_1"},
				"down": {"uv": [0, 3, 16, 4], "rotation": 90, "texture": "#gold_1"}
			}
		},
		{
			"name": "wood",
			"from": [2, 0, 1],
			"to": [14, 1, 3],
			"rotation": {"angle": 0, "axis": "y", "origin": [2, 0, 1]},
			"faces": {
				"north": {"uv": [0, 4, 12, 5], "texture": "#base_1"},
				"east": {"uv": [0, 6, 2, 7], "texture": "#base_1"},
				"south": {"uv": [0, 5, 12, 6], "texture": "#base_1"},
				"west": {"uv": [2, 6, 4, 7], "texture": "#base_1"},
				"up": {"uv": [12, 2, 0, 0], "texture": "#base_1"},
				"down": {"uv": [12, 2, 0, 4], "texture": "#base_1"}
			}
		},
		{
			"name": "wood",
			"from": [2, 0, 5],
			"to": [14, 1, 7],
			"rotation": {"angle": 0, "axis": "y", "origin": [2, 0, 5]},
			"faces": {
				"north": {"uv": [0, 4, 12, 5], "texture": "#base_2"},
				"east": {"uv": [0, 6, 2, 7], "texture": "#base_2"},
				"south": {"uv": [0, 5, 12, 6], "texture": "#base_2"},
				"west": {"uv": [2, 6, 4, 7], "texture": "#base_2"},
				"up": {"uv": [12, 2, 0, 0], "texture": "#base_2"},
				"down": {"uv": [12, 2, 0, 4], "texture": "#base_2"}
			}
		},
		{
			"name": "wood",
			"from": [2, 0, 9],
			"to": [14, 1, 11],
			"rotation": {"angle": 0, "axis": "y", "origin": [2, 0, 9]},
			"faces": {
				"north": {"uv": [0, 4, 12, 5], "texture": "#base_3"},
				"east": {"uv": [0, 6, 2, 7], "texture": "#base_3"},
				"south": {"uv": [0, 5, 12, 6], "texture": "#base_3"},
				"west": {"uv": [2, 6, 4, 7], "texture": "#base_3"},
				"up": {"uv": [12, 2, 0, 0], "texture": "#base_3"},
				"down": {"uv": [12, 2, 0, 4], "texture": "#base_3"}
			}
		},
		{
			"name": "wood",
			"from": [2, 0, 13],
			"to": [14, 1, 15],
			"rotation": {"angle": 0, "axis": "y", "origin": [2, 0, 13]},
			"faces": {
				"north": {"uv": [0, 4, 12, 5], "texture": "#base_4"},
				"east": {"uv": [0, 6, 2, 7], "texture": "#base_4"},
				"south": {"uv": [0, 5, 12, 6], "texture": "#base_4"},
				"west": {"uv": [2, 6, 4, 7], "texture": "#base_4"},
				"up": {"uv": [12, 2, 0, 0], "texture": "#base_4"},
				"down": {"uv": [12, 2, 0, 4], "texture": "#base_4"}
			}
		},
		{
			"name": "flat",
			"from": [7, 0, 3],
			"to": [9, 0.5, 5],
			"faces": {
				"north": {"uv": [6, 8, 8, 9], "texture": "#redstone"},
				"east": {"uv": [8, 6, 10, 7], "texture": "#redstone"},
				"south": {"uv": [8, 7, 10, 8], "texture": "#redstone"},
				"west": {"uv": [8, 8, 10, 9], "texture": "#redstone"},
				"up": {"uv": [2, 2, 0, 0], "texture": "#redstone"},
				"down": {"uv": [2, 2, 0, 4], "texture": "#redstone"}
			}
		},
		{
			"name": "flat",
			"from": [7, 0, 7],
			"to": [9, 0.5, 9],
			"faces": {
				"north": {"uv": [6, 9, 8, 10], "texture": "#redstone"},
				"east": {"uv": [8, 9, 10, 10], "texture": "#redstone"},
				"south": {"uv": [0, 10, 2, 11], "texture": "#redstone"},
				"west": {"uv": [10, 0, 12, 1], "texture": "#redstone"},
				"up": {"uv": [4, 2, 2, 0], "texture": "#redstone"},
				"down": {"uv": [4, 2, 2, 4], "texture": "#redstone"}
			}
		},
		{
			"name": "flat",
			"from": [7, 0, 11],
			"to": [9, 0.5, 13],
			"faces": {
				"north": {"uv": [10, 1, 12, 2], "texture": "#redstone"},
				"east": {"uv": [2, 10, 4, 11], "texture": "#redstone"},
				"south": {"uv": [10, 2, 12, 3], "texture": "#redstone"},
				"west": {"uv": [10, 3, 12, 4], "texture": "#redstone"},
				"up": {"uv": [2, 6, 0, 4], "texture": "#redstone"},
				"down": {"uv": [6, 0, 4, 2], "texture": "#redstone"}
			}
		},
		{
			"name": "flat",
			"from": [7, 0, 15],
			"to": [9, 0.5, 15.8],
			"faces": {
				"north": {"uv": [4, 10, 6, 11], "texture": "#redstone"},
				"east": {"uv": [4, 14, 5, 15], "texture": "#redstone"},
				"south": {"uv": [10, 4, 12, 5], "texture": "#redstone"},
				"west": {"uv": [14, 4, 15, 5], "texture": "#redstone"},
				"up": {"uv": [12, 6, 10, 5], "texture": "#redstone"},
				"down": {"uv": [8, 10, 6, 11], "texture": "#redstone"}
			}
		},
		{
			"name": "flat",
			"from": [7, 0, 15.8],
			"to": [9, 0.3, 16],
			"faces": {
				"north": {"uv": [10, 6, 12, 7], "texture": "#redstone"},
				"east": {"uv": [5, 14, 6, 15], "texture": "#redstone"},
				"south": {"uv": [10, 7, 12, 8], "texture": "#redstone"},
				"west": {"uv": [14, 5, 15, 6], "texture": "#redstone"},
				"up": {"uv": [10, 11, 8, 10], "texture": "#redstone"},
				"down": {"uv": [12, 8, 10, 9], "texture": "#redstone"}
			}
		},
		{
			"name": "flat",
			"from": [7, 0, 0.2],
			"to": [9, 0.5, 1],
			"faces": {
				"north": {"uv": [10, 9, 12, 10], "texture": "#redstone"},
				"east": {"uv": [6, 14, 7, 15], "texture": "#redstone"},
				"south": {"uv": [10, 10, 12, 11], "texture": "#redstone"},
				"west": {"uv": [14, 6, 15, 7], "texture": "#redstone"},
				"up": {"uv": [2, 12, 0, 11], "texture": "#redstone"},
				"down": {"uv": [4, 11, 2, 12], "texture": "#redstone"}
			}
		},
		{
			"name": "flat",
			"from": [7, 0, 0],
			"to": [9, 0.3, 0.2],
			"faces": {
				"north": {"uv": [4, 11, 6, 12], "texture": "#redstone"},
				"east": {"uv": [7, 14, 8, 15], "texture": "#redstone"},
				"south": {"uv": [6, 11, 8, 12], "texture": "#redstone"},
				"west": {"uv": [14, 7, 15, 8], "texture": "#redstone"},
				"up": {"uv": [10, 12, 8, 11], "texture": "#redstone"},
				"down": {"uv": [12, 11, 10, 12], "texture": "#redstone"}
			}
		},
		{
			"name": "over",
			"from": [4, 1, 1],
			"to": [6, 1.1, 3],
			"faces": {
				"north": {"uv": [0, 12, 2, 13], "texture": "#redstone"},
				"east": {"uv": [12, 0, 14, 1], "texture": "#redstone"},
				"south": {"uv": [12, 1, 14, 2], "texture": "#redstone"},
				"west": {"uv": [2, 12, 4, 13], "texture": "#redstone"},
				"up": {"uv": [4, 6, 2, 4], "texture": "#redstone"},
				"down": {"uv": [6, 2, 4, 4], "texture": "#redstone"}
			}
		},
		{
			"name": "over",
			"from": [4, 1, 5],
			"to": [6, 1.1, 7],
			"faces": {
				"north": {"uv": [12, 2, 14, 3], "texture": "#redstone"},
				"east": {"uv": [12, 3, 14, 4], "texture": "#redstone"},
				"south": {"uv": [4, 12, 6, 13], "texture": "#redstone"},
				"west": {"uv": [12, 4, 14, 5], "texture": "#redstone"},
				"up": {"uv": [6, 6, 4, 4], "texture": "#redstone"},
				"down": {"uv": [2, 6, 0, 8], "texture": "#redstone"}
			}
		},
		{
			"name": "over",
			"from": [4, 1, 9],
			"to": [6, 1.1, 11],
			"faces": {
				"north": {"uv": [12, 5, 14, 6], "texture": "#redstone"},
				"east": {"uv": [6, 12, 8, 13], "texture": "#redstone"},
				"south": {"uv": [12, 6, 14, 7], "texture": "#redstone"},
				"west": {"uv": [12, 7, 14, 8], "texture": "#redstone"},
				"up": {"uv": [8, 2, 6, 0], "texture": "#redstone"},
				"down": {"uv": [4, 6, 2, 8], "texture": "#redstone"}
			}
		},
		{
			"name": "over",
			"from": [4, 1, 13],
			"to": [6, 1.1, 15],
			"faces": {
				"north": {"uv": [8, 12, 10, 13], "texture": "#redstone"},
				"east": {"uv": [12, 8, 14, 9], "texture": "#redstone"},
				"south": {"uv": [12, 9, 14, 10], "texture": "#redstone"},
				"west": {"uv": [10, 12, 12, 13], "texture": "#redstone"},
				"up": {"uv": [8, 4, 6, 2], "texture": "#redstone"},
				"down": {"uv": [6, 6, 4, 8], "texture": "#redstone"}
			}
		},
		{
			"name": "over",
			"from": [10, 1, 13],
			"to": [12, 1.1, 15],
			"faces": {
				"north": {"uv": [12, 10, 14, 11], "texture": "#redstone"},
				"east": {"uv": [12, 11, 14, 12], "texture": "#redstone"},
				"south": {"uv": [12, 12, 14, 13], "texture": "#redstone"},
				"west": {"uv": [0, 13, 2, 14], "texture": "#redstone"},
				"up": {"uv": [8, 6, 6, 4], "texture": "#redstone"},
				"down": {"uv": [8, 6, 6, 8], "texture": "#redstone"}
			}
		},
		{
			"name": "over",
			"from": [10, 1, 9],
			"to": [12, 1.1, 11],
			"faces": {
				"north": {"uv": [2, 13, 4, 14], "texture": "#redstone"},
				"east": {"uv": [4, 13, 6, 14], "texture": "#redstone"},
				"south": {"uv": [6, 13, 8, 14], "texture": "#redstone"},
				"west": {"uv": [8, 13, 10, 14], "texture": "#redstone"},
				"up": {"uv": [2, 10, 0, 8], "texture": "#redstone"},
				"down": {"uv": [10, 0, 8, 2], "texture": "#redstone"}
			}
		},
		{
			"name": "over",
			"from": [10, 1, 5],
			"to": [12, 1.1, 7],
			"faces": {
				"north": {"uv": [10, 13, 12, 14], "texture": "#redstone"},
				"east": {"uv": [12, 13, 14, 14], "texture": "#redstone"},
				"south": {"uv": [0, 14, 2, 15], "texture": "#redstone"},
				"west": {"uv": [14, 0, 16, 1], "texture": "#redstone"},
				"up": {"uv": [4, 10, 2, 8], "texture": "#redstone"},
				"down": {"uv": [10, 2, 8, 4], "texture": "#redstone"}
			}
		},
		{
			"name": "over",
			"from": [10, 1, 1],
			"to": [12, 1.1, 3],
			"faces": {
				"north": {"uv": [14, 1, 16, 2], "texture": "#redstone"},
				"east": {"uv": [2, 14, 4, 15], "texture": "#redstone"},
				"south": {"uv": [14, 2, 16, 3], "texture": "#redstone"},
				"west": {"uv": [14, 3, 16, 4], "texture": "#redstone"},
				"up": {"uv": [6, 10, 4, 8], "texture": "#redstone"},
				"down": {"uv": [10, 4, 8, 6], "texture": "#redstone"}
			}
		}
	],
	"gui_light": "front",
	"display": {
		"thirdperson_righthand": {
			"rotation": [90, 0, 0],
			"translation": [0, 2.25, 4.5],
			"scale": [0.6, 0.6, 0.6]
		},
		"thirdperson_lefthand": {
			"rotation": [90, 0, 0],
			"translation": [0, 2.25, 4.5],
			"scale": [0.6, 0.6, 0.6]
		},
		"firstperson_righthand": {
			"rotation": [50, 0, 75],
			"translation": [3, 0.5, -6]
		},
		"firstperson_lefthand": {
			"rotation": [50, 0, 75],
			"translation": [3, 0.5, -6]
		},
		"ground": {
			"translation": [0, 2.5, 0],
			"scale": [0.5, 0.5, 0.5]
		},
		"gui": {
			"rotation": [90, 0, 0]
		},
		"head": {
			"rotation": [90, 0, 0],
			"translation": [0, 0, 14.5]
		},
		"fixed": {
			"rotation": [-90, 0, 0],
			"translation": [0, 0, -8]
		}
	},
	"groups": [
		{
			"name": "rails",
			"origin": [8, 8, 8],
			"color": 0,
			"children": [0, 1, 2, 3]
		},
		{
			"name": "base",
			"origin": [8, 8, 8],
			"color": 0,
			"children": [4, 5, 6, 7]
		},
		{
			"name": "redstone",
			"origin": [8, 8, 8],
			"color": 0,
			"children": [8, 9, 10, 11, 12, 13, 14, 15, 16, 17, 18, 19, 20, 21, 22]
		}
	]
}