{
	"parent": "rays_3d_rails:block/iron/rail_powered_1_off",
	"textures": {
		"base_1": "rays_3d_rails:block/oak/base_3",
		"base_2": "rays_3d_rails:block/oak/base_1",
		"base_3": "rays_3d_rails:block/oak/base_4",
		"base_4": "rays_3d_rails:block/oak/base_2",
		"rail_1": "rays_3d_rails:block/iron/rail_4",
		"rail_2": "rays_3d_rails:block/iron/rail_3",
		"redstone": "rays_3d_rails:block/redstone/standard_on",
		"gold_1": "rays_3d_rails:block/gold/rail_4",
		"gold_2": "rays_3d_rails:block/gold/rail_3"
	}
}