{
	"credit": "xR4YM0ND, Notch",
	"textures": {
		"base_1": "rays_3d_rails:block/oak/base_1",
		"base_2": "rays_3d_rails:block/oak/base_2",
		"base_3": "rays_3d_rails:block/oak/base_3",
		"base_4": "rays_3d_rails:block/oak/base_4",
		"iron_1": "rays_3d_rails:block/iron/rail_raised_1",
		"iron_2": "rays_3d_rails:block/iron/rail_raised_2",
		"redstone": "rays_3d_rails:block/redstone/standard_off",
		"particle": "rays_3d_rails:block/oak/base_1"
	},
	"elements": [
		{
			"name": "wood",
			"from": [2, 1.69004, 13.0249],
			"to": [14, 3.69004, 14.0249],
			"rotation": {"angle": -45, "axis": "x", "origin": [8, 2.74004, 13.4572]},
			"faces": {
				"north": {"uv": [0, 4, 12, 2], "texture": "#base_1"},
				"east": {"uv": [0, 6, 2, 7], "rotation": 270, "texture": "#base_1"},
				"south": {"uv": [0, 0, 12, 2], "rotation": 180, "texture": "#base_1"},
				"west": {"uv": [2, 6, 4, 7], "rotation": 90, "texture": "#base_1"},
				"up": {"uv": [0, 4, 12, 5], "rotation": 180, "texture": "#base_1"},
				"down": {"uv": [0, 5, 12, 6], "texture": "#base_1"}
			}
		},
		{
			"name": "wood",
			"from": [2, 5.69004, 13.0249],
			"to": [14, 7.69004, 14.0249],
			"rotation": {"angle": -45, "axis": "x", "origin": [8, 2.74004, 13.4572]},
			"faces": {
				"north": {"uv": [0, 4, 12, 2], "texture": "#base_2"},
				"east": {"uv": [0, 6, 2, 7], "rotation": 270, "texture": "#base_2"},
				"south": {"uv": [0, 0, 12, 2], "rotation": 180, "texture": "#base_2"},
				"west": {"uv": [2, 6, 4, 7], "rotation": 90, "texture": "#base_2"},
				"up": {"uv": [0, 4, 12, 5], "rotation": 180, "texture": "#base_2"},
				"down": {"uv": [0, 5, 12, 6], "texture": "#base_2"}
			}
		},
		{
			"name": "wood",
			"from": [2, 9.69004, 13.0249],
			"to": [14, 11.69004, 14.0249],
			"rotation": {"angle": -45, "axis": "x", "origin": [8, 2.74004, 13.4572]},
			"faces": {
				"north": {"uv": [0, 4, 12, 2], "texture": "#base_3"},
				"east": {"uv": [0, 6, 2, 7], "rotation": 270, "texture": "#base_3"},
				"south": {"uv": [0, 0, 12, 2], "rotation": 180, "texture": "#base_3"},
				"west": {"uv": [2, 6, 4, 7], "rotation": 90, "texture": "#base_3"},
				"up": {"uv": [0, 4, 12, 5], "rotation": 180, "texture": "#base_3"},
				"down": {"uv": [0, 5, 12, 6], "texture": "#base_3"}
			}
		},
		{
			"name": "wood",
			"from": [2, 13.69004, 13.0249],
			"to": [14, 15.69004, 14.0249],
			"rotation": {"angle": -45, "axis": "x", "origin": [8, 2.74004, 13.4572]},
			"faces": {
				"north": {"uv": [0, 4, 12, 2], "texture": "#base_4"},
				"east": {"uv": [0, 6, 2, 7], "rotation": 270, "texture": "#base_4"},
				"south": {"uv": [0, 0, 12, 2], "rotation": 180, "texture": "#base_4"},
				"west": {"uv": [2, 6, 4, 7], "rotation": 90, "texture": "#base_4"},
				"up": {"uv": [0, 4, 12, 5], "rotation": 180, "texture": "#base_4"},
				"down": {"uv": [0, 5, 12, 6], "texture": "#base_4"}
			}
		},
		{
			"name": "wood",
			"from": [2, 17.69004, 13.0249],
			"to": [14, 19.69004, 14.0249],
			"rotation": {"angle": -45, "axis": "x", "origin": [8, 2.74004, 13.4572]},
			"faces": {
				"north": {"uv": [0, 4, 12, 2], "texture": "#base_2"},
				"east": {"uv": [0, 6, 2, 7], "rotation": 270, "texture": "#base_2"},
				"south": {"uv": [0, 0, 12, 2], "rotation": 180, "texture": "#base_2"},
				"west": {"uv": [2, 6, 4, 7], "rotation": 90, "texture": "#base_2"},
				"up": {"uv": [0, 4, 12, 5], "rotation": 180, "texture": "#base_2"},
				"down": {"uv": [0, 5, 12, 6], "texture": "#base_2"}
			}
		},
		{
			"name": "iron_rail_main_lower",
			"from": [3.002, 17.002, 15.62],
			"to": [3.998, 17.998, 22.628],
			"rotation": {"angle": 45, "axis": "x", "origin": [3, 17, 0]},
			"faces": {
				"north": {"uv": [7, 6, 8, 7], "texture": "#iron_1"},
				"east": {"uv": [0, 4, 7, 5], "texture": "#iron_1"},
				"south": {"uv": [7, 7, 8, 8], "texture": "#iron_1"},
				"west": {"uv": [0, 5, 7, 6], "texture": "#iron_1"},
				"up": {"uv": [0, 6, 7, 7], "rotation": 90, "texture": "#iron_1"},
				"down": {"uv": [0, 7, 7, 8], "rotation": 90, "texture": "#iron_1"}
			}
		},
		{
			"name": "iron_rail_main_upper",
			"from": [3.002, 17.002, 0],
			"to": [3.998, 17.998, 15.628],
			"rotation": {"angle": 45, "axis": "x", "origin": [3, 17, 0]},
			"faces": {
				"north": {"uv": [7, 5, 8, 6], "texture": "#iron_1"},
				"east": {"uv": [0, 0, 16, 1], "texture": "#iron_1"},
				"south": {"uv": [7, 4, 8, 5], "texture": "#iron_1"},
				"west": {"uv": [0, 1, 16, 2], "texture": "#iron_1"},
				"up": {"uv": [0, 2, 16, 3], "rotation": 90, "texture": "#iron_1"},
				"down": {"uv": [0, 3, 16, 4], "rotation": 90, "texture": "#iron_1"}
			}
		},
		{
			"name": "iron_rail_filler",
			"from": [3.004, 17.2594, -0.077],
			"to": [3.996, 17.7834, 0.3366],
			"rotation": {"angle": 45, "axis": "x", "origin": [3.5, 17.3, 0.425]},
			"faces": {
				"north": {"uv": [8, 6, 9, 7], "texture": "#iron_1"},
				"east": {"uv": [8, 4, 9, 5], "texture": "#iron_1"},
				"south": {"uv": [9, 4, 10, 5], "texture": "#iron_1"},
				"west": {"uv": [8, 5, 9, 6], "texture": "#iron_1"},
				"up": {"uv": [9, 5, 10, 6], "texture": "#iron_1"},
				"down": {"uv": [8, 7, 9, 8], "texture": "#iron_1"}
			}
		},
		{
			"name": "iron_rail_level",
			"from": [3.006, 17.006, 0],
			"to": [3.994, 17.994, 0.414],
			"rotation": {"angle": 0, "axis": "y", "origin": [3, 17, 0]},
			"faces": {
				"north": {"uv": [9, 6, 10, 7], "texture": "#iron_1"},
				"east": {"uv": [10, 5, 11, 6], "texture": "#iron_1"},
				"south": {"uv": [9, 7, 10, 8], "texture": "#iron_1"},
				"west": {"uv": [10, 6, 11, 7], "texture": "#iron_1"},
				"up": {"uv": [10, 4, 11, 5], "texture": "#iron_1"},
				"down": {"uv": [10, 7, 11, 8], "texture": "#iron_1"}
			}
		},
		{
			"name": "iron_rail_main_lower",
			"from": [12.002, 17.002, 15.62],
			"to": [12.998, 17.998, 22.628],
			"rotation": {"angle": 45, "axis": "x", "origin": [12, 17, 0]},
			"faces": {
				"north": {"uv": [7, 6, 8, 7], "texture": "#iron_2"},
				"east": {"uv": [0, 4, 7, 5], "texture": "#iron_2"},
				"south": {"uv": [7, 7, 8, 8], "texture": "#iron_2"},
				"west": {"uv": [0, 5, 7, 6], "texture": "#iron_2"},
				"up": {"uv": [0, 6, 7, 7], "rotation": 90, "texture": "#iron_2"},
				"down": {"uv": [0, 7, 7, 8], "rotation": 90, "texture": "#iron_2"}
			}
		},
		{
			"name": "iron_rail_main_upper",
			"from": [12.002, 17.002, 0],
			"to": [12.998, 17.998, 15.628],
			"rotation": {"angle": 45, "axis": "x", "origin": [12, 17, 0]},
			"faces": {
				"north": {"uv": [7, 5, 8, 6], "texture": "#iron_2"},
				"east": {"uv": [0, 0, 16, 1], "texture": "#iron_2"},
				"south": {"uv": [7, 4, 8, 5], "texture": "#iron_2"},
				"west": {"uv": [0, 1, 16, 2], "texture": "#iron_2"},
				"up": {"uv": [0, 2, 16, 3], "rotation": 90, "texture": "#iron_2"},
				"down": {"uv": [0, 3, 16, 4], "rotation": 90, "texture": "#iron_2"}
			}
		},
		{
			"name": "iron_rail_filler",
			"from": [12.004, 17.2594, -0.077],
			"to": [12.996, 17.7834, 0.3366],
			"rotation": {"angle": 45, "axis": "x", "origin": [12.5, 17.3, 0.425]},
			"faces": {
				"north": {"uv": [8, 6, 9, 7], "texture": "#iron_2"},
				"east": {"uv": [8, 4, 9, 5], "texture": "#iron_2"},
				"south": {"uv": [9, 4, 10, 5], "texture": "#iron_2"},
				"west": {"uv": [8, 5, 9, 6], "texture": "#iron_2"},
				"up": {"uv": [9, 5, 10, 6], "texture": "#iron_2"},
				"down": {"uv": [8, 7, 9, 8], "texture": "#iron_2"}
			}
		},
		{
			"name": "iron_rail_level",
			"from": [12.006, 17.006, 0],
			"to": [12.994, 17.994, 0.414],
			"rotation": {"angle": 0, "axis": "y", "origin": [12, 17, 0]},
			"faces": {
				"north": {"uv": [9, 6, 10, 7], "texture": "#iron_2"},
				"east": {"uv": [10, 5, 11, 6], "texture": "#iron_2"},
				"south": {"uv": [9, 7, 10, 8], "texture": "#iron_2"},
				"west": {"uv": [10, 6, 11, 7], "texture": "#iron_2"},
				"up": {"uv": [10, 4, 11, 5], "texture": "#iron_2"},
				"down": {"uv": [10, 7, 11, 8], "texture": "#iron_2"}
			}
		},
		{
			"name": "over",
			"from": [4, 17.69004, 14.0249],
			"to": [6, 19.69004, 14.1249],
			"rotation": {"angle": -45, "axis": "x", "origin": [8, 2.74004, 13.4572]},
			"faces": {
				"north": {"uv": [9, 7, 11, 9], "texture": "#redstone"},
				"east": {"uv": [4, 1, 5, 3], "texture": "#redstone"},
				"south": {"uv": [4, 6, 2, 4], "texture": "#redstone"},
				"west": {"uv": [0, 5, 1, 7], "texture": "#redstone"},
				"up": {"uv": [3, 0, 5, 1], "texture": "#redstone"},
				"down": {"uv": [6, 2, 8, 3], "texture": "#redstone"}
			}
		},
		{
			"name": "over",
			"from": [10, 17.69004, 14.0249],
			"to": [12, 19.69004, 14.1249],
			"rotation": {"angle": -45, "axis": "x", "origin": [8, 2.74004, 13.4572]},
			"faces": {
				"north": {"uv": [4, 10, 6, 12], "rotation": 270, "texture": "#redstone"},
				"east": {"uv": [0, 5, 1, 7], "texture": "#redstone"},
				"south": {"uv": [6, 10, 4, 8], "texture": "#redstone"},
				"west": {"uv": [5, 7, 6, 9], "texture": "#redstone"},
				"up": {"uv": [3, 1, 5, 2], "texture": "#redstone"},
				"down": {"uv": [2, 4, 4, 5], "texture": "#redstone"}
			}
		},
		{
			"name": "over",
			"from": [10, 13.69004, 14.0249],
			"to": [12, 15.69004, 14.1249],
			"rotation": {"angle": -45, "axis": "x", "origin": [8, 2.74004, 13.4572]},
			"faces": {
				"north": {"uv": [2, 7, 4, 9], "texture": "#redstone"},
				"east": {"uv": [0, 5, 1, 7], "texture": "#redstone"},
				"south": {"uv": [4, 10, 2, 8], "texture": "#redstone"},
				"west": {"uv": [0, 5, 1, 7], "texture": "#redstone"},
				"up": {"uv": [3, 1, 5, 2], "texture": "#redstone"},
				"down": {"uv": [1, 1, 3, 2], "texture": "#redstone"}
			}
		},
		{
			"name": "over",
			"from": [10, 9.69004, 14.0249],
			"to": [12, 11.69004, 14.1249],
			"rotation": {"angle": -45, "axis": "x", "origin": [8, 2.74004, 13.4572]},
			"faces": {
				"north": {"uv": [4, 4, 6, 6], "rotation": 270, "texture": "#redstone"},
				"east": {"uv": [1, 2, 2, 4], "texture": "#redstone"},
				"south": {"uv": [6, 6, 4, 4], "texture": "#redstone"},
				"west": {"uv": [4, 1, 5, 3], "texture": "#redstone"},
				"up": {"uv": [4, 0, 6, 1], "texture": "#redstone"},
				"down": {"uv": [5, 4, 7, 5], "texture": "#redstone"}
			}
		},
		{
			"name": "over",
			"from": [10, 5.69004, 14.0249],
			"to": [12, 7.69004, 14.1249],
			"rotation": {"angle": -45, "axis": "x", "origin": [8, 2.74004, 13.4572]},
			"faces": {
				"north": {"uv": [4, 8, 6, 10], "rotation": 180, "texture": "#redstone"},
				"east": {"uv": [5, 5, 6, 7], "texture": "#redstone"},
				"south": {"uv": [2, 10, 0, 8], "texture": "#redstone"},
				"west": {"uv": [0, 5, 1, 7], "texture": "#redstone"},
				"up": {"uv": [3, 1, 5, 2], "texture": "#redstone"},
				"down": {"uv": [4, 4, 6, 5], "texture": "#redstone"}
			}
		},
		{
			"name": "over",
			"from": [10, 1.69004, 14.0249],
			"to": [12, 3.69004, 14.1249],
			"rotation": {"angle": -45, "axis": "x", "origin": [8, 2.74004, 13.4572]},
			"faces": {
				"north": {"uv": [6, 5, 8, 7], "texture": "#redstone"},
				"east": {"uv": [0, 5, 1, 7], "texture": "#redstone"},
				"south": {"uv": [8, 6, 6, 4], "texture": "#redstone"},
				"west": {"uv": [1, 0, 2, 2], "texture": "#redstone"},
				"up": {"uv": [2, 0, 4, 1], "texture": "#redstone"},
				"down": {"uv": [1, 1, 3, 2], "texture": "#redstone"}
			}
		},
		{
			"name": "over",
			"from": [4, 1.69004, 14.0249],
			"to": [6, 3.69004, 14.1249],
			"rotation": {"angle": -45, "axis": "x", "origin": [8, 2.74004, 13.4572]},
			"faces": {
				"north": {"uv": [1, 6, 3, 8], "rotation": 180, "texture": "#redstone"},
				"east": {"uv": [3, 3, 4, 5], "texture": "#redstone"},
				"south": {"uv": [8, 4, 6, 2], "texture": "#redstone"},
				"west": {"uv": [5, 3, 6, 5], "texture": "#redstone"},
				"up": {"uv": [3, 1, 5, 2], "texture": "#redstone"},
				"down": {"uv": [2, 4, 4, 5], "texture": "#redstone"}
			}
		},
		{
			"name": "over",
			"from": [4, 5.69004, 14.0249],
			"to": [6, 7.69004, 14.1249],
			"rotation": {"angle": -45, "axis": "x", "origin": [8, 2.74004, 13.4572]},
			"faces": {
				"north": {"uv": [3, 3, 5, 5], "texture": "#redstone"},
				"east": {"uv": [3, 3, 4, 5], "texture": "#redstone"},
				"south": {"uv": [8, 2, 6, 0], "texture": "#redstone"},
				"west": {"uv": [3, 3, 4, 5], "texture": "#redstone"},
				"up": {"uv": [3, 1, 5, 2], "texture": "#redstone"},
				"down": {"uv": [1, 1, 3, 2], "texture": "#redstone"}
			}
		},
		{
			"name": "over",
			"from": [4, 9.69004, 14.0249],
			"to": [6, 11.69004, 14.1249],
			"rotation": {"angle": -45, "axis": "x", "origin": [8, 2.74004, 13.4572]},
			"faces": {
				"north": {"uv": [9, 7, 11, 9], "texture": "#redstone"},
				"east": {"uv": [4, 1, 5, 3], "texture": "#redstone"},
				"south": {"uv": [4, 6, 2, 4], "texture": "#redstone"},
				"west": {"uv": [3, 3, 4, 5], "texture": "#redstone"},
				"up": {"uv": [3, 1, 5, 2], "texture": "#redstone"},
				"down": {"uv": [4, 4, 6, 5], "texture": "#redstone"}
			}
		},
		{
			"name": "over",
			"from": [4, 13.69004, 14.0249],
			"to": [6, 15.69004, 14.1249],
			"rotation": {"angle": -45, "axis": "x", "origin": [8, 2.74004, 13.4572]},
			"faces": {
				"north": {"uv": [4, 4, 6, 6], "rotation": 270, "texture": "#redstone"},
				"east": {"uv": [1, 0, 2, 2], "texture": "#redstone"},
				"south": {"uv": [6, 6, 4, 4], "texture": "#redstone"},
				"west": {"uv": [4, 1, 5, 3], "texture": "#redstone"},
				"up": {"uv": [0, 0, 2, 1], "texture": "#redstone"},
				"down": {"uv": [4, 2, 6, 3], "texture": "#redstone"}
			}
		},
		{
			"name": "flat",
			"from": [7, 15.69004, 13.0249],
			"to": [9, 17.69004, 13.5249],
			"rotation": {"angle": -45, "axis": "x", "origin": [8, 2.74004, 13.4572]},
			"faces": {
				"north": {"uv": [2, 1, 4, 3], "texture": "#redstone"},
				"east": {"uv": [1, 1, 2, 3], "texture": "#redstone"},
				"south": {"uv": [4, 2, 2, 0], "texture": "#redstone"},
				"west": {"uv": [3, 0, 4, 2], "texture": "#redstone"},
				"up": {"uv": [0, 3, 2, 4], "texture": "#redstone"},
				"down": {"uv": [0, 2, 2, 3], "texture": "#redstone"}
			}
		},
		{
			"name": "flat",
			"from": [7.002, 19.69004, 13.0249],
			"to": [8.998, 22.09004, 13.5249],
			"rotation": {"angle": -45, "axis": "x", "origin": [8, 2.74004, 13.4572]},
			"faces": {
				"north": {"uv": [0, 1, 2, 3], "texture": "#redstone"},
				"east": {"uv": [3, 0, 4, 2], "texture": "#redstone"},
				"south": {"uv": [2, 2, 0, 0], "texture": "#redstone"},
				"west": {"uv": [1, 1, 2, 3], "texture": "#redstone"},
				"up": {"uv": [2, 1, 4, 2], "texture": "#redstone"},
				"down": {"uv": [2, 2, 4, 3], "texture": "#redstone"}
			}
		},
		{
			"name": "flat",
			"from": [7, 11.69004, 13.0249],
			"to": [9, 13.69004, 13.5249],
			"rotation": {"angle": -45, "axis": "x", "origin": [8, 2.74004, 13.4572]},
			"faces": {
				"north": {"uv": [13, 3, 15, 5], "rotation": 180, "texture": "#redstone"},
				"east": {"uv": [0, 0, 1, 2], "texture": "#redstone"},
				"south": {"uv": [15, 5, 13, 3], "rotation": 180, "texture": "#redstone"},
				"west": {"uv": [13, 3, 14, 5], "texture": "#redstone"},
				"up": {"uv": [13, 3, 15, 4], "texture": "#redstone"},
				"down": {"uv": [2, 0, 4, 1], "texture": "#redstone"}
			}
		},
		{
			"name": "flat",
			"from": [7, 7.69004, 13.0249],
			"to": [9, 9.69004, 13.5249],
			"rotation": {"angle": -45, "axis": "x", "origin": [8, 2.74004, 13.4572]},
			"faces": {
				"north": {"uv": [2, 1, 4, 3], "texture": "#redstone"},
				"east": {"uv": [2, 1, 3, 3], "texture": "#redstone"},
				"south": {"uv": [4, 2, 2, 0], "texture": "#redstone"},
				"west": {"uv": [0, 0, 1, 2], "texture": "#redstone"},
				"up": {"uv": [0, 1, 2, 2], "texture": "#redstone"},
				"down": {"uv": [0, 0, 2, 1], "texture": "#redstone"}
			}
		},
		{
			"name": "flat",
			"from": [7, 3.69004, 13.0249],
			"to": [9, 5.69004, 13.5249],
			"rotation": {"angle": -45, "axis": "x", "origin": [8, 2.74004, 13.4572]},
			"faces": {
				"north": {"uv": [0, 1, 2, 3], "texture": "#redstone"},
				"east": {"uv": [0, 0, 1, 2], "texture": "#redstone"},
				"south": {"uv": [0, 0, 2, 2], "rotation": 180, "texture": "#redstone"},
				"west": {"uv": [1, 1, 2, 3], "texture": "#redstone"},
				"up": {"uv": [2, 1, 4, 2], "texture": "#redstone"},
				"down": {"uv": [2, 0, 4, 1], "texture": "#redstone"}
			}
		},
		{
			"name": "flat",
			"from": [7.002, -0.50996, 13.0249],
			"to": [8.998, 1.69004, 13.5249],
			"rotation": {"angle": -45, "axis": "x", "origin": [8, 2.74004, 13.4572]},
			"faces": {
				"north": {"uv": [2, 1, 4, 3], "texture": "#redstone"},
				"east": {"uv": [1, 1, 2, 3], "texture": "#redstone"},
				"south": {"uv": [2, 0, 4, 2], "rotation": 180, "texture": "#redstone"},
				"west": {"uv": [0, 0, 1, 2], "texture": "#redstone"},
				"up": {"uv": [0, 1, 2, 2], "texture": "#redstone"},
				"down": {"uv": [0, 2, 2, 3], "texture": "#redstone"}
			}
		}
	],
	"groups": [
		{
			"name": "base",
			"origin": [8, 8, 8],
			"color": 0,
			"children": [0, 1, 2, 3, 4]
		},
		{
			"name": "rails",
			"origin": [8, 8, 8],
			"color": 0,
			"children": [
				{
					"name": "iron",
					"origin": [8, 8, 8],
					"color": 0,
					"children": [
						{
							"name": "left",
							"origin": [8, 8, 8],
							"color": 0,
							"children": [5, 6, 7, 8]
						},
						{
							"name": "right",
							"origin": [8, 8, 8],
							"color": 0,
							"children": [9, 10, 11, 12]
						}
					]
				}
			]
		},
		{
			"name": "redstone",
			"origin": [8, 8, 8],
			"color": 0,
			"children": [13, 14, 15, 16, 17, 18, 19, 20, 21, 22, 23, 24, 25, 26]
		}
	]
}