{"variants":{"":[{"model":"phantasm:block/pream_leaves1"},{"model":"phantasm:block/pream_leaves1","y":90},{"model":"phantasm:block/pream_leaves1","y":180},{"model":"phantasm:block/pream_leaves1","y":270},{"model":"phantasm:block/pream_leaves2"},{"model":"phantasm:block/pream_leaves2","y":90},{"model":"phantasm:block/pream_leaves2","y":180},{"model":"phantasm:block/pream_leaves2","y":270},{"model":"phantasm:block/pream_leaves3"},{"model":"phantasm:block/pream_leaves3","y":90},{"model":"phantasm:block/pream_leaves3","y":180},{"model":"phantasm:block/pream_leaves3","y":270},{"model":"phantasm:block/pream_leaves4"},{"model":"phantasm:block/pream_leaves4","y":90},{"model":"phantasm:block/pream_leaves4","y":180},{"model":"phantasm:block/pream_leaves4","y":270}]}}