{
	"format_version": "1.21.9",
	"credit": "Made by Nico4play",
	"textures": {
		"particle": "block/",
		"hanging_lantern": "block/"
	},
	"elements": [
		{
			"name": "Chain (bottom to top)",
			"from": [6.5, 11, 7.75],
			"to": [9.5, 12.0001, 8.25],
			"rotation": {"angle": 45, "axis": "y", "origin": [8, 8.5, 8]},
			"faces": {
				"north": {"uv": [13, 4, 16, 4.98], "texture": "#hanging_lantern"},
				"east": {"uv": [13, 4, 13.98, 5], "texture": "#hanging_lantern"},
				"south": {"uv": [13, 4, 14, 5], "rotation": 180, "texture": "#hanging_lantern"},
				"west": {"uv": [15.02, 4, 16, 4.98], "texture": "#hanging_lantern"},
				"up": {"uv": [13, 4, 16, 5], "texture": "#hanging_lantern"},
				"down": {"uv": [13, 4, 16, 5], "texture": "#hanging_lantern"}
			}
		},
		{
			"name": "Chain (bottom to top)",
			"from": [8.5, 12, 7.75],
			"to": [9.5, 14, 8.25],
			"rotation": {"angle": 45, "axis": "y", "origin": [8, 8.5, 8]},
			"faces": {
				"north": {"uv": [15, 2, 16, 4], "rotation": 180, "texture": "#hanging_lantern"},
				"east": {"uv": [15, 2, 15.98, 4], "texture": "#hanging_lantern"},
				"south": {"uv": [15, 2, 16, 4], "texture": "#hanging_lantern"},
				"west": {"uv": [15, 2, 16, 4], "texture": "#hanging_lantern"}
			}
		},
		{
			"name": "Chain (bottom to top)",
			"from": [6.5, 12, 7.75],
			"to": [7.5, 14, 8.25],
			"rotation": {"angle": 45, "axis": "y", "origin": [8, 8.5, 8]},
			"faces": {
				"north": {"uv": [13, 2, 13.98, 4], "rotation": 180, "texture": "#hanging_lantern"},
				"east": {"uv": [13, 2, 14, 3.98], "texture": "#hanging_lantern"},
				"south": {"uv": [13, 2, 14, 4], "texture": "#hanging_lantern"},
				"west": {"uv": [13, 2, 14, 4], "texture": "#hanging_lantern"}
			}
		},
		{
			"name": "Chain (bottom to top)",
			"from": [6.5, 14, 7.75],
			"to": [9.5, 15, 8.25],
			"rotation": {"angle": 45, "axis": "y", "origin": [8, 8.5, 8]},
			"faces": {
				"north": {"uv": [13, 1, 16, 1.98], "rotation": 180, "texture": "#hanging_lantern"},
				"east": {"uv": [15, 1, 15.98, 2], "texture": "#hanging_lantern"},
				"south": {"uv": [13, 1, 16, 2], "texture": "#hanging_lantern"},
				"west": {"uv": [13, 1, 14, 1.98], "texture": "#hanging_lantern"},
				"up": {"uv": [13, 1, 16, 2], "texture": "#hanging_lantern"},
				"down": {"uv": [13, 1, 16, 2], "texture": "#hanging_lantern"}
			}
		},
		{
			"name": "Chain (bottom to top)",
			"from": [7.75, 14, 6.5],
			"to": [8.25, 15, 9.5],
			"rotation": {"angle": 45, "axis": "y", "origin": [8, 8.5, 8]},
			"faces": {
				"north": {"uv": [15, 7, 16, 8], "texture": "#hanging_lantern"},
				"east": {"uv": [13, 7, 16, 8], "rotation": 180, "texture": "#hanging_lantern"},
				"south": {"uv": [13, 7, 14, 8], "texture": "#hanging_lantern"},
				"west": {"uv": [13, 7, 16, 8], "texture": "#hanging_lantern"},
				"up": {"uv": [13, 7, 16, 8], "rotation": 270, "texture": "#hanging_lantern"},
				"down": {"uv": [13, 7, 16, 8], "rotation": 90, "texture": "#hanging_lantern"}
			}
		},
		{
			"name": "Chain (bottom to top)",
			"from": [7.75, 15, 8.5],
			"to": [8.25, 16, 9.5],
			"rotation": {"angle": 45, "axis": "y", "origin": [8, 9.5, 8]},
			"faces": {
				"north": {"uv": [15, 6, 15.98, 6.98], "texture": "#hanging_lantern"},
				"east": {"uv": [15, 6, 16, 7], "texture": "#hanging_lantern"},
				"south": {"uv": [15, 6, 15.98, 6.98], "texture": "#hanging_lantern"},
				"west": {"uv": [15, 6, 16, 7], "texture": "#hanging_lantern"}
			}
		},
		{
			"name": "Chain (bottom to top)",
			"from": [7.75, 15, 8.5],
			"to": [8.25, 16, 9.5],
			"rotation": {"angle": 45, "axis": "y", "origin": [8, 8.5, 8]},
			"faces": {
				"north": {"uv": [15, 6, 15.98, 6.98], "texture": "#hanging_lantern"},
				"east": {"uv": [15, 6, 15.98, 6.98], "texture": "#hanging_lantern"},
				"south": {"uv": [15, 6, 15.98, 6.98], "texture": "#hanging_lantern"},
				"west": {"uv": [15, 6, 15.98, 6.98], "rotation": 180, "texture": "#hanging_lantern"}
			}
		},
		{
			"name": "Chain (bottom to top)",
			"from": [7.75, 15, 6.5],
			"to": [8.25, 16, 7.5],
			"rotation": {"angle": 45, "axis": "y", "origin": [8, 8.5, 8]},
			"faces": {
				"north": {"uv": [13, 6, 13.98, 6.98], "texture": "#hanging_lantern"},
				"east": {"uv": [13, 6, 14, 7], "texture": "#hanging_lantern"},
				"south": {"uv": [13, 6, 14, 7], "texture": "#hanging_lantern"},
				"west": {"uv": [13, 6, 14, 7], "rotation": 180, "texture": "#hanging_lantern"}
			}
		},
		{
			"name": "Bottom base",
			"from": [5, 1.5, 5],
			"to": [11, 2, 11],
			"rotation": {"angle": 0, "axis": "y", "origin": [14, 9, 13]},
			"faces": {
				"north": {"uv": [0, 9, 6, 10], "texture": "#hanging_lantern"},
				"east": {"uv": [0, 9, 1, 15], "rotation": 90, "texture": "#hanging_lantern"},
				"south": {"uv": [0, 14, 6, 15], "texture": "#hanging_lantern"},
				"west": {"uv": [5, 15, 6, 9], "rotation": 90, "texture": "#hanging_lantern"},
				"up": {"uv": [0, 9, 6, 15], "texture": "#hanging_lantern"},
				"down": {"uv": [0, 9, 6, 15], "texture": "#hanging_lantern"}
			}
		},
		{
			"name": "Foot north-west",
			"from": [5, 1, 5],
			"to": [7, 2, 6],
			"rotation": {"angle": 0, "axis": "y", "origin": [13, 9, 13]},
			"faces": {
				"north": {"uv": [6, 9, 4, 10], "rotation": 180, "texture": "#hanging_lantern"},
				"east": {"uv": [4, 9, 5, 10], "texture": "#hanging_lantern"},
				"south": {"uv": [6, 9, 4, 10], "texture": "#hanging_lantern"},
				"west": {"uv": [5, 9, 6, 10], "texture": "#hanging_lantern"},
				"down": {"uv": [6, 9, 4, 10], "texture": "#hanging_lantern"}
			}
		},
		{
			"name": "Foot north-west",
			"from": [5, 1, 6],
			"to": [6, 2, 7],
			"rotation": {"angle": 0, "axis": "y", "origin": [13, 9, 14]},
			"faces": {
				"east": {"uv": [5, 10, 6, 11], "texture": "#hanging_lantern"},
				"south": {"uv": [5, 10, 6, 11], "texture": "#hanging_lantern"},
				"west": {"uv": [5, 10, 6, 11], "texture": "#hanging_lantern"},
				"down": {"uv": [5, 10, 6, 11], "texture": "#hanging_lantern"}
			}
		},
		{
			"name": "Foot north-east",
			"from": [9, 1, 5],
			"to": [11, 2, 6],
			"rotation": {"angle": 0, "axis": "y", "origin": [17, 9, 13]},
			"faces": {
				"north": {"uv": [0, 9, 2, 10], "texture": "#hanging_lantern"},
				"east": {"uv": [0, 9, 1, 10], "texture": "#hanging_lantern"},
				"south": {"uv": [0, 9, 2, 10], "rotation": 180, "texture": "#hanging_lantern"},
				"west": {"uv": [1, 9, 2, 10], "texture": "#hanging_lantern"},
				"down": {"uv": [0, 9, 1, 11], "rotation": 90, "texture": "#hanging_lantern"}
			}
		},
		{
			"name": "Foot north-east",
			"from": [10, 1, 6],
			"to": [11, 2, 7],
			"rotation": {"angle": 0, "axis": "y", "origin": [18, 9, 14]},
			"faces": {
				"east": {"uv": [0, 10, 1, 11], "texture": "#hanging_lantern"},
				"south": {"uv": [0, 10, 1, 11], "texture": "#hanging_lantern"},
				"west": {"uv": [0, 10, 1, 11], "texture": "#hanging_lantern"},
				"down": {"uv": [0, 10, 1, 11], "texture": "#hanging_lantern"}
			}
		},
		{
			"name": "Foot south-east",
			"from": [9, 1, 10],
			"to": [11, 2, 11],
			"rotation": {"angle": 0, "axis": "y", "origin": [17, 9, 18]},
			"faces": {
				"north": {"uv": [6, 14, 4, 15], "texture": "#hanging_lantern"},
				"east": {"uv": [5, 14, 6, 15], "texture": "#hanging_lantern"},
				"south": {"uv": [6, 14, 4, 15], "rotation": 180, "texture": "#hanging_lantern"},
				"west": {"uv": [4, 14, 5, 15], "texture": "#hanging_lantern"},
				"down": {"uv": [6, 14, 4, 15], "rotation": 180, "texture": "#hanging_lantern"}
			}
		},
		{
			"name": "Foot south-east",
			"from": [10, 1, 9],
			"to": [11, 2, 10],
			"rotation": {"angle": 0, "axis": "y", "origin": [18, 9, 17]},
			"faces": {
				"north": {"uv": [0, 13, 1, 14], "texture": "#hanging_lantern"},
				"east": {"uv": [0, 13, 1, 14], "texture": "#hanging_lantern"},
				"west": {"uv": [0, 13, 1, 14], "texture": "#hanging_lantern"},
				"down": {"uv": [0, 13, 1, 14], "texture": "#hanging_lantern"}
			}
		},
		{
			"name": "Foot south-west",
			"from": [5, 1, 10],
			"to": [7, 2, 11],
			"rotation": {"angle": 0, "axis": "y", "origin": [13, 9, 18]},
			"faces": {
				"north": {"uv": [0, 14, 2, 15], "rotation": 180, "texture": "#hanging_lantern"},
				"east": {"uv": [1, 14, 2, 15], "texture": "#hanging_lantern"},
				"south": {"uv": [0, 14, 2, 15], "texture": "#hanging_lantern"},
				"west": {"uv": [0, 14, 1, 15], "texture": "#hanging_lantern"},
				"down": {"uv": [0, 14, 2, 15], "texture": "#hanging_lantern"}
			}
		},
		{
			"name": "Foot south-west",
			"from": [5, 1, 9],
			"to": [6, 2, 10],
			"rotation": {"angle": 0, "axis": "y", "origin": [13, 9, 17]},
			"faces": {
				"north": {"uv": [5, 13, 6, 14], "texture": "#hanging_lantern"},
				"east": {"uv": [5, 13, 6, 14], "texture": "#hanging_lantern"},
				"west": {"uv": [5, 13, 6, 14], "texture": "#hanging_lantern"},
				"down": {"uv": [5, 13, 6, 14], "texture": "#hanging_lantern"}
			}
		},
		{
			"name": "Windows",
			"from": [6, 2, 6],
			"to": [10, 7, 10],
			"rotation": {"angle": 0, "axis": "y", "origin": [14, 10, 14]},
			"faces": {
				"north": {"uv": [1, 3, 5, 8], "texture": "#hanging_lantern"},
				"east": {"uv": [1, 3, 5, 8], "texture": "#hanging_lantern"},
				"south": {"uv": [1, 3, 5, 8], "texture": "#hanging_lantern"},
				"west": {"uv": [1, 3, 5, 8], "texture": "#hanging_lantern"}
			}
		},
		{
			"name": "Frame north-east",
			"from": [10, 2, 5.2],
			"to": [10.8, 7, 6],
			"rotation": {"angle": 0, "axis": "y", "origin": [18, 10, 13]},
			"faces": {
				"north": {"uv": [0, 3, 1, 8], "texture": "#hanging_lantern"},
				"east": {"uv": [0, 3, 1, 8], "texture": "#hanging_lantern"},
				"south": {"uv": [0, 3, 1, 8], "texture": "#hanging_lantern"},
				"west": {"uv": [0, 3, 1, 8], "texture": "#hanging_lantern"}
			}
		},
		{
			"name": "Frame south-est",
			"from": [10, 2, 10],
			"to": [10.8, 7, 10.8],
			"rotation": {"angle": 0, "axis": "y", "origin": [18, 10, 18]},
			"faces": {
				"north": {"uv": [0, 3, 1, 8], "texture": "#hanging_lantern"},
				"east": {"uv": [0, 3, 1, 8], "texture": "#hanging_lantern"},
				"south": {"uv": [0, 3, 1, 8], "texture": "#hanging_lantern"},
				"west": {"uv": [0, 3, 1, 8], "texture": "#hanging_lantern"}
			}
		},
		{
			"name": "Frame north-west",
			"from": [5.2, 2, 5.2],
			"to": [6, 7, 6],
			"rotation": {"angle": 0, "axis": "y", "origin": [13, 10, 13]},
			"faces": {
				"north": {"uv": [0, 3, 1, 8], "texture": "#hanging_lantern"},
				"east": {"uv": [0, 3, 1, 8], "texture": "#hanging_lantern"},
				"south": {"uv": [0, 3, 1, 8], "texture": "#hanging_lantern"},
				"west": {"uv": [0, 3, 1, 8], "texture": "#hanging_lantern"}
			}
		},
		{
			"name": "Frame south-west",
			"from": [5.2, 2, 10],
			"to": [6, 7, 10.8],
			"rotation": {"angle": 0, "axis": "y", "origin": [13, 10, 18]},
			"faces": {
				"north": {"uv": [0, 3, 1, 8], "texture": "#hanging_lantern"},
				"east": {"uv": [0, 3, 1, 8], "texture": "#hanging_lantern"},
				"south": {"uv": [0, 3, 1, 8], "texture": "#hanging_lantern"},
				"west": {"uv": [0, 3, 1, 8], "texture": "#hanging_lantern"}
			}
		},
		{
			"name": "Top",
			"from": [5, 7, 5],
			"to": [11, 8, 11],
			"rotation": {"angle": 0, "axis": "y", "origin": [18, 15, 13]},
			"faces": {
				"north": {"uv": [6, 9, 12, 10], "texture": "#hanging_lantern"},
				"east": {"uv": [11, 9, 12, 15], "rotation": 90, "texture": "#hanging_lantern"},
				"south": {"uv": [6, 14, 12, 15], "texture": "#hanging_lantern"},
				"west": {"uv": [6, 9, 7, 15], "rotation": 90, "texture": "#hanging_lantern"},
				"up": {"uv": [6, 9, 12, 15], "texture": "#hanging_lantern"},
				"down": {"uv": [6, 9, 12, 15], "texture": "#hanging_lantern"}
			}
		},
		{
			"name": "Top",
			"from": [6, 8, 6],
			"to": [10, 9, 10],
			"rotation": {"angle": 0, "axis": "y", "origin": [14, 16, 14]},
			"faces": {
				"north": {"uv": [1, 10, 5, 11], "texture": "#hanging_lantern"},
				"east": {"uv": [4, 10, 5, 14], "rotation": 90, "texture": "#hanging_lantern"},
				"south": {"uv": [1, 13, 5, 14], "texture": "#hanging_lantern"},
				"west": {"uv": [1, 10, 2, 14], "rotation": 90, "texture": "#hanging_lantern"},
				"up": {"uv": [1, 10, 5, 14], "texture": "#hanging_lantern"}
			}
		},
		{
			"name": "Top",
			"from": [7, 9, 6],
			"to": [9, 10, 10],
			"rotation": {"angle": 0, "axis": "y", "origin": [15, 17, 17]},
			"faces": {
				"north": {"uv": [2, 10, 4, 11], "texture": "#hanging_lantern"},
				"east": {"uv": [3, 10, 4, 14], "rotation": 90, "texture": "#hanging_lantern"},
				"south": {"uv": [2, 13, 4, 14], "texture": "#hanging_lantern"},
				"west": {"uv": [2, 10, 3, 14], "rotation": 90, "texture": "#hanging_lantern"},
				"up": {"uv": [2, 10, 4, 14], "texture": "#hanging_lantern"}
			}
		},
		{
			"name": "Top",
			"from": [7, 8, 5],
			"to": [9, 9, 11],
			"rotation": {"angle": 0, "axis": "y", "origin": [15, 16, 13]},
			"faces": {
				"north": {"uv": [2, 9, 4, 10], "texture": "#hanging_lantern"},
				"east": {"uv": [2, 9, 3, 15], "rotation": 90, "texture": "#hanging_lantern"},
				"south": {"uv": [2, 14, 4, 15], "texture": "#hanging_lantern"},
				"west": {"uv": [3, 9, 4, 15], "rotation": 90, "texture": "#hanging_lantern"},
				"up": {"uv": [2, 9, 4, 15], "texture": "#hanging_lantern"}
			}
		},
		{
			"name": "Top",
			"from": [5, 8, 7],
			"to": [11, 9, 9],
			"rotation": {"angle": 0, "axis": "y", "origin": [3, 16, 15]},
			"faces": {
				"north": {"uv": [0, 11, 6, 12], "texture": "#hanging_lantern"},
				"east": {"uv": [5, 11, 6, 13], "texture": "#hanging_lantern"},
				"south": {"uv": [0, 12, 6, 13], "texture": "#hanging_lantern"},
				"west": {"uv": [5, 11, 6, 13], "texture": "#hanging_lantern"},
				"up": {"uv": [0, 11, 6, 13], "texture": "#hanging_lantern"}
			}
		},
		{
			"name": "Top",
			"from": [6, 9, 7],
			"to": [10, 10, 9],
			"rotation": {"angle": 0, "axis": "y", "origin": [-1, 17, 15]},
			"faces": {
				"north": {"uv": [1, 11, 5, 12], "texture": "#hanging_lantern"},
				"east": {"uv": [4, 11, 5, 13], "rotation": 90, "texture": "#hanging_lantern"},
				"south": {"uv": [1, 12, 5, 13], "texture": "#hanging_lantern"},
				"west": {"uv": [2, 11, 1, 13], "rotation": 90, "texture": "#hanging_lantern"},
				"up": {"uv": [1, 11, 5, 13], "texture": "#hanging_lantern"}
			}
		},
		{
			"name": "Chain",
			"from": [7.75, 11, 6.5],
			"to": [8.25, 12, 9.5],
			"rotation": {"angle": 45, "axis": "y", "origin": [8, 6.5, 8]},
			"faces": {
				"north": {"uv": [15, 10, 16, 11], "texture": "#hanging_lantern"},
				"east": {"uv": [13, 10, 16, 11], "texture": "#hanging_lantern"},
				"south": {"uv": [13, 10, 14, 11], "texture": "#hanging_lantern"},
				"west": {"uv": [13, 10, 16, 11], "rotation": 180, "texture": "#hanging_lantern"},
				"up": {"uv": [13, 10, 16, 11], "rotation": 270, "texture": "#hanging_lantern"},
				"down": {"uv": [13, 10, 16, 11], "rotation": 90, "texture": "#hanging_lantern"}
			}
		},
		{
			"name": "Chain",
			"from": [7.75, 10, 6.5],
			"to": [8.25, 11, 7.5],
			"rotation": {"angle": 45, "axis": "y", "origin": [8, 6.5, 8]},
			"faces": {
				"north": {"uv": [15, 11, 16, 12], "texture": "#hanging_lantern"},
				"east": {"uv": [15, 11, 16, 12], "texture": "#hanging_lantern"},
				"south": {"uv": [15, 11, 16, 12], "texture": "#hanging_lantern"},
				"west": {"uv": [15, 11, 16, 12], "texture": "#hanging_lantern"}
			}
		},
		{
			"name": "Chain",
			"from": [7.75, 10, 8.5],
			"to": [8.25, 11, 9.5],
			"rotation": {"angle": 45, "axis": "y", "origin": [8, 6.5, 8]},
			"faces": {
				"north": {"uv": [13, 11, 14, 12], "texture": "#hanging_lantern"},
				"east": {"uv": [13, 11, 14, 12], "texture": "#hanging_lantern"},
				"south": {"uv": [13, 11, 14, 12], "texture": "#hanging_lantern"},
				"west": {"uv": [13, 11, 14, 12], "texture": "#hanging_lantern"}
			}
		}
	],
	"groups": [
		{
			"name": "Hanging Chain",
			"origin": [8, 8, 8],
			"color": 0,
			"children": [0, 1, 2, 3, 4, 5, 6, 7]
		},
		{
			"name": "Lantern",
			"origin": [8, 7, 8],
			"color": 0,
			"children": [8, 9, 10, 11, 12, 13, 14, 15, 16, 17, 18, 19, 20, 21, 22, 23, 24, 25, 26, 27, 28, 29, 30]
		}
	]
}