{"variants":{"":[{"model":"alexscaves:block/ancient_leaves1"},{"model":"alexscaves:block/ancient_leaves1","y":90},{"model":"alexscaves:block/ancient_leaves1","y":180},{"model":"alexscaves:block/ancient_leaves1","y":270},{"model":"alexscaves:block/ancient_leaves2"},{"model":"alexscaves:block/ancient_leaves2","y":90},{"model":"alexscaves:block/ancient_leaves2","y":180},{"model":"alexscaves:block/ancient_leaves2","y":270},{"model":"alexscaves:block/ancient_leaves3"},{"model":"alexscaves:block/ancient_leaves3","y":90},{"model":"alexscaves:block/ancient_leaves3","y":180},{"model":"alexscaves:block/ancient_leaves3","y":270},{"model":"alexscaves:block/ancient_leaves4"},{"model":"alexscaves:block/ancient_leaves4","y":90},{"model":"alexscaves:block/ancient_leaves4","y":180},{"model":"alexscaves:block/ancient_leaves4","y":270}]}}