{"variants":{"":[{"model":"nethers_exoticism:block/jaboticaba_leaves1"},{"model":"nethers_exoticism:block/jaboticaba_leaves1","y":90},{"model":"nethers_exoticism:block/jaboticaba_leaves1","y":180},{"model":"nethers_exoticism:block/jaboticaba_leaves1","y":270},{"model":"nethers_exoticism:block/jaboticaba_leaves2"},{"model":"nethers_exoticism:block/jaboticaba_leaves2","y":90},{"model":"nethers_exoticism:block/jaboticaba_leaves2","y":180},{"model":"nethers_exoticism:block/jaboticaba_leaves2","y":270},{"model":"nethers_exoticism:block/jaboticaba_leaves3"},{"model":"nethers_exoticism:block/jaboticaba_leaves3","y":90},{"model":"nethers_exoticism:block/jaboticaba_leaves3","y":180},{"model":"nethers_exoticism:block/jaboticaba_leaves3","y":270},{"model":"nethers_exoticism:block/jaboticaba_leaves4"},{"model":"nethers_exoticism:block/jaboticaba_leaves4","y":90},{"model":"nethers_exoticism:block/jaboticaba_leaves4","y":180},{"model":"nethers_exoticism:block/jaboticaba_leaves4","y":270}]}}