{
        "model": {
          "type": "minecraft:range_dispatch",
          "property": "minecraft:damage",
          "normalize": true,
          "entries": [
            {
              "threshold": 0.25,
              "model": {
                "type": "minecraft:model",
                "model": "minecraft:item/exposed_copper_hoe"
              }
            },
            {
              "threshold": 0.5,
              "model": {
                "type": "minecraft:model",
                "model": "minecraft:item/weathered_copper_hoe"
              }
            },
            {
              "threshold": 0.75,
              "model": {
                "type": "minecraft:model",
                "model": "minecraft:item/oxidized_copper_hoe"
              }
            }
          ],
          "fallback": {
            "type": "minecraft:model",
            "model": "minecraft:item/copper_hoe"
          }
        }
      }