{"variants":{"":[{"model":"ars_nouveau:block/purple_archwood_leaves_11"},{"model":"ars_nouveau:block/purple_archwood_leaves_11","y":90},{"model":"ars_nouveau:block/purple_archwood_leaves_11","y":180},{"model":"ars_nouveau:block/purple_archwood_leaves_11","y":270},{"model":"ars_nouveau:block/purple_archwood_leaves_12"},{"model":"ars_nouveau:block/purple_archwood_leaves_12","y":90},{"model":"ars_nouveau:block/purple_archwood_leaves_12","y":180},{"model":"ars_nouveau:block/purple_archwood_leaves_12","y":270},{"model":"ars_nouveau:block/purple_archwood_leaves_13"},{"model":"ars_nouveau:block/purple_archwood_leaves_13","y":90},{"model":"ars_nouveau:block/purple_archwood_leaves_13","y":180},{"model":"ars_nouveau:block/purple_archwood_leaves_13","y":270},{"model":"ars_nouveau:block/purple_archwood_leaves_14"},{"model":"ars_nouveau:block/purple_archwood_leaves_14","y":90},{"model":"ars_nouveau:block/purple_archwood_leaves_14","y":180},{"model":"ars_nouveau:block/purple_archwood_leaves_14","y":270}]}}