{"variants":{"":[{"model":"ars_nouveau:block/red_archwood_leaves_21"},{"model":"ars_nouveau:block/red_archwood_leaves_21","y":90},{"model":"ars_nouveau:block/red_archwood_leaves_21","y":180},{"model":"ars_nouveau:block/red_archwood_leaves_21","y":270},{"model":"ars_nouveau:block/red_archwood_leaves_22"},{"model":"ars_nouveau:block/red_archwood_leaves_22","y":90},{"model":"ars_nouveau:block/red_archwood_leaves_22","y":180},{"model":"ars_nouveau:block/red_archwood_leaves_22","y":270},{"model":"ars_nouveau:block/red_archwood_leaves_23"},{"model":"ars_nouveau:block/red_archwood_leaves_23","y":90},{"model":"ars_nouveau:block/red_archwood_leaves_23","y":180},{"model":"ars_nouveau:block/red_archwood_leaves_23","y":270},{"model":"ars_nouveau:block/red_archwood_leaves_24"},{"model":"ars_nouveau:block/red_archwood_leaves_24","y":90},{"model":"ars_nouveau:block/red_archwood_leaves_24","y":180},{"model":"ars_nouveau:block/red_archwood_leaves_24","y":270}]}}