{"variants":{"":[{"model":"ars_nouveau:block/red_archwood_leaves_21"},{"model":"ars_nouveau:block/red_archwood_leaves_21","y":90},{"model":"ars_nouveau:block/red_archwood_leaves_21","y":180},{"model":"ars_nouveau:block/red_archwood_leaves_21","y":270},{"model":"ars_nouveau:block/red_archwood_leaves_22"},{"model":"ars_nouveau:block/red_archwood_leaves_22","y":90},{"model":"ars_nouveau:block/red_archwood_leaves_22","y":180},{"model":"ars_nouveau:block/red_archwood_leaves_22","y":270},{"model":"ars_nouveau:block/red_archwood_leaves_23"},{"model":"ars_nouveau:block/red_archwood_leaves_23","y":90},{"model":"ars_nouveau:block/red_archwood_leaves_23","y":180},{"model":"ars_nouveau:block/red_archwood_leaves_23","y":270},{"model":"ars_nouveau:block/red_archwood_leaves_24"},{"model":"ars_nouveau:block/red_archwood_leaves_24","y":90},{"model":"ars_nouveau:block/red_archwood_leaves_24","y":180},{"model":"ars_nouveau:block/red_archwood_leaves_24","y":270},{"model":"ars_nouveau:block/red_archwood_leaves1"},{"model":"ars_nouveau:block/red_archwood_leaves1","y":90},{"model":"ars_nouveau:block/red_archwood_leaves1","y":180},{"model":"ars_nouveau:block/red_archwood_leaves1","y":270},{"model":"ars_nouveau:block/red_archwood_leaves2"},{"model":"ars_nouveau:block/red_archwood_leaves2","y":90},{"model":"ars_nouveau:block/red_archwood_leaves2","y":180},{"model":"ars_nouveau:block/red_archwood_leaves2","y":270},{"model":"ars_nouveau:block/red_archwood_leaves3"},{"model":"ars_nouveau:block/red_archwood_leaves3","y":90},{"model":"ars_nouveau:block/red_archwood_leaves3","y":180},{"model":"ars_nouveau:block/red_archwood_leaves3","y":270},{"model":"ars_nouveau:block/red_archwood_leaves4"},{"model":"ars_nouveau:block/red_archwood_leaves4","y":90},{"model":"ars_nouveau:block/red_archwood_leaves4","y":180},{"model":"ars_nouveau:block/red_archwood_leaves4","y":270}]}}