{"variants":{"snowy=true":[{"model":"eternal_starlight:block/northland_leaves_snowy1"},{"model":"eternal_starlight:block/northland_leaves_snowy1","y":90},{"model":"eternal_starlight:block/northland_leaves_snowy1","y":180},{"model":"eternal_starlight:block/northland_leaves_snowy1","y":270},{"model":"eternal_starlight:block/northland_leaves_snowy2"},{"model":"eternal_starlight:block/northland_leaves_snowy2","y":90},{"model":"eternal_starlight:block/northland_leaves_snowy2","y":180},{"model":"eternal_starlight:block/northland_leaves_snowy2","y":270},{"model":"eternal_starlight:block/northland_leaves_snowy3"},{"model":"eternal_starlight:block/northland_leaves_snowy3","y":90},{"model":"eternal_starlight:block/northland_leaves_snowy3","y":180},{"model":"eternal_starlight:block/northland_leaves_snowy3","y":270},{"model":"eternal_starlight:block/northland_leaves_snowy4"},{"model":"eternal_starlight:block/northland_leaves_snowy4","y":90},{"model":"eternal_starlight:block/northland_leaves_snowy4","y":180},{"model":"eternal_starlight:block/northland_leaves_snowy4","y":270}],"snowy=false":[{"model":"eternal_starlight:block/northland_leaves1"},{"model":"eternal_starlight:block/northland_leaves1","y":90},{"model":"eternal_starlight:block/northland_leaves1","y":180},{"model":"eternal_starlight:block/northland_leaves1","y":270},{"model":"eternal_starlight:block/northland_leaves2"},{"model":"eternal_starlight:block/northland_leaves2","y":90},{"model":"eternal_starlight:block/northland_leaves2","y":180},{"model":"eternal_starlight:block/northland_leaves2","y":270},{"model":"eternal_starlight:block/northland_leaves3"},{"model":"eternal_starlight:block/northland_leaves3","y":90},{"model":"eternal_starlight:block/northland_leaves3","y":180},{"model":"eternal_starlight:block/northland_leaves3","y":270},{"model":"eternal_starlight:block/northland_leaves4"},{"model":"eternal_starlight:block/northland_leaves4","y":90},{"model":"eternal_starlight:block/northland_leaves4","y":180},{"model":"eternal_starlight:block/northland_leaves4","y":270}]}}