{
    "parent": "minecraft:block/template_chain",
    "gui_light": "front",
	"display": {
		"thirdperson_righthand": {
			"translation": [0, 3, 1],
			"scale": [0.5, 0.5, 0.5]
		},
		"thirdperson_lefthand": {
			"translation": [0, 3, 1],
			"scale": [0.5, 0.5, 0.5]
		},
		"firstperson_righthand": {
			"rotation": [-0.57, -30.28, 10.44],
			"translation": [1.13, 3.2, 1.13],
			"scale": [0.68, 0.68, 0.68]
		},
		"firstperson_lefthand": {
			"rotation": [-0.57, -30.28, 10.44],
			"translation": [1.13, 3.2, 1.13],
			"scale": [0.68, 0.68, 0.68]
		},
		"ground": {
			"translation": [0, 3, 0],
			"scale": [0.45, 0.45, 0.45]
		},
		"gui": {
			"rotation": [30, 14, 0]
		},
		"head": {
			"rotation": [90, 0, 90],
			"translation": [0, 7.65, 0]
		},
		"fixed": {
			"rotation": [0, -180, 0],
			"translation": [0, 0.5, 0]
		}
	}
}